tag,base_tag,seed,structure,degree,effective_degree,tightness,producers,consumers,tail_cycles,repeats,valid,floor_ms,ceiling_ms,impl_ms,space_pct,captured_pct,of_space_pct,speedup,floor_ms_ci_low,floor_ms_ci_high,ceiling_ms_ci_low,ceiling_ms_ci_high,impl_ms_ci_low,impl_ms_ci_high,space_pct_ci_low,space_pct_ci_high,captured_pct_ci_low,captured_pct_ci_high,of_space_pct_ci_low,of_space_pct_ci_high,speedup_ci_low,speedup_ci_high
grid64_d8_s101,grid64_d8,101,interval,8,8.0,1.0,64,64,1000000,31,1,1.408544,0.897472,0.901952,36.28370856714451,35.96564963536816,99.12341118276879,1.561661817923792,1.408192,1.408928,0.897312,0.897664,0.901568,0.902304,36.264485344239944,36.30354790351157,35.9376420325425,36.00023397005229,99.0482154038823,99.21156373193169,1.5609790705924087,1.5625057122209687
grid64_d8_s202,grid64_d8,202,interval,8,8.0,1.0,64,64,1000000,31,1,1.4088,0.897664,0.90176,36.28165814877911,35.990914253265196,99.19864771802418,1.562278211497516,1.408192,1.409312,0.897504,0.897952,0.90128,0.902176,36.24383704814486,36.304806884493985,35.948469770295134,36.034604118889206,99.11709455228555,99.34214648204998,1.5612429498776204,1.5633452841574667
grid64_d8_s303,grid64_d8,303,interval,8,8.0,1.0,64,64,1000000,31,1,1.408544,0.897344,0.901984,36.29279596519526,35.963377785855464,99.0923317683881,1.5616064143044666,1.408416,1.4088,0.89696,0.89808,0.901408,0.902336,36.23909487459106,36.32295145278176,35.93693202471828,36.00863243980009,98.99887373294956,99.27890644594935,1.5609617703383218,1.5627107813553907
interval_d1_s101,interval_d1,101,interval,1,1.0,1.0,148,148,1000000,31,1,1.408864,0.898304,0.901152,36.23912599086923,36.03697730937834,99.44218113444062,1.563403288235503,1.408512,1.409376,0.897856,0.898784,0.900352,0.901408,36.201921984687736,36.282502554785964,36.01644856415849,36.097173345442165,99.34837092731829,99.62347034828991,1.562901679508575,1.564876003695019
interval_d1_s202,interval_d1,202,interval,1,1.0,1.0,148,148,1000000,31,1,1.409088,0.898368,0.900544,36.24471998909932,36.09029386383249,99.57393483709275,1.5647075545448084,1.4088319999999999,1.409376,0.897952,0.898848,0.900352,0.901056,36.20709239192168,36.2814777810577,36.047515217588796,36.11243557432509,99.4302886120328,99.68640240842949,1.563660901374436,1.5652498400739214
interval_d1_s303,interval_d1,303,interval,1,1.0,1.0,148,148,1000000,31,1,1.409248,0.898496,0.900768,36.2428756329617,36.081654896796024,99.5551657164338,1.5644960744609044,1.408352,1.409504,0.898176,0.898784,0.900256,0.901216,36.19095226193452,36.27140175973824,36.01145168253392,36.12668861391759,99.4176927481737,99.70536609829489,1.5627796321284,1.5655991184729678
interval_d32_s101,interval_d32,101,interval,32,32.0,1.0,148,148,1000000,31,1,1.409152,0.898112,0.908128,36.2657825415569,35.55500045417385,98.04007514088916,1.551710772049755,1.40848,1.409312,0.89776,0.898464,0.907872,0.908512,36.224014540497556,36.29118321563997,35.50380552084516,35.57674841053588,97.91627557724799,98.132492743316,1.5504790756657743,1.5522345974904836
interval_d32_s202,interval_d32,202,interval,32,32.0,1.0,148,148,1000000,31,1,1.409088,0.898944,0.907904,36.203842485352226,35.56797020484171,98.24363317024212,1.552023121387283,1.408608,1.409504,0.898016,0.8992,0.907616,0.908096,36.169101110833466,36.27117104844935,35.537434126839905,35.60368705444308,98.05284247433009,98.3378285140814,1.55128792416928,1.5528839373854182
interval_d32_s303,interval_d32,303,interval,32,32.0,1.0,148,148,1000000,31,1,1.409216,0.898368,0.908768,36.25051092238521,35.512511921522325,97.9641693811075,1.5506884045212859,1.408896,1.409568,0.897824,0.898816,0.908224,0.909152,36.21186998887046,36.2914027560217,35.47354076765841,35.55404178019982,97.82064128256515,98.11214841827874,1.5497518566752315,1.5516876893805933
interval_d64_s101,interval_d64,101,interval,64,64.0,1.0,148,148,1000000,31,1,1.409088,0.898016,0.916064,36.26970068583367,34.988872235091065,96.46859933629705,1.5381982044922624,1.408768,1.409376,0.897888,0.898816,0.915808,0.916288,36.205682618274324,36.284994210203664,34.96343070004089,35.00851595321903,96.41873278236915,96.63027108433735,1.5375964795864914,1.5386631258953842
interval_d64_s202,interval_d64,202,interval,64,64.0,1.0,148,148,1000000,31,1,1.409408,0.898112,0.916,36.27735900463173,35.00817364453728,96.50143947928402,1.538655021834061,1.409088,1.409536,0.897728,0.898816,0.91584,0.91616,36.224512964897144,36.307496707987106,34.98773953319408,35.02247650183899,96.41048089550371,96.63991975927783,1.5381714046238737,1.538993710691824
interval_d64_s303,interval_d64,303,interval,64,64.0,1.0,148,148,1000000,31,1,1.40912,0.897792,0.916576,36.28704439650278,34.95401385261724,96.326428437324,1.5373738784345214,1.408608,1.409536,0.8976,0.89824,0.915904,0.91696,36.25150594323639,36.31265891754449,34.91493856042882,35.00737881711886,96.22747747747748,96.48739437786237,1.5364508811725701,1.538636204848739
interval_d8_s101,interval_d8,101,interval,8,8.0,1.0,148,148,1000000,31,1,1.409216,0.897888,0.90304,36.284572414732736,35.91897906353604,98.99242756117405,1.5605244507441531,1.40848,1.40944,0.897472,0.898464,0.902432,0.90352,36.230502009399906,36.31822722731813,35.858872708271804,35.96548983993643,98.87302779864764,99.1599272772867,1.5590620904615167,1.5616579208622892
interval_d8_s202,interval_d8,202,interval,8,8.0,1.0,148,148,1000000,31,1,1.40896,0.898368,0.902112,36.23892800363388,35.97320009084714,99.26673351717223,1.561845979213224,1.408576,1.4092479999999998,0.898016,0.89856,0.901888,0.902496,36.21224761757755,36.2678534934944,35.936754583248145,35.993459450866396,99.16697983214333,99.34169278996865,1.5609574468085108,1.562340334941811
interval_d8_s303,interval_d8,303,interval,8,8.0,1.0,148,148,1000000,31,1,1.409248,0.8984,0.902464,36.24968777674334,35.96130702332024,99.20446003507892,1.5615559180199985,1.408576,1.409408,0.898112,0.898944,0.902272,0.90288,36.198046786282084,36.271571298819254,35.90430969852557,35.97783883199745,99.06178019867158,99.32182103610674,1.5601672987629818,1.561959143140871
strided_d32_s101,strided_d32,101,strided,32,141.76,0.2264,148,148,1000000,31,1,1.40928,0.898528,0.935744,36.24205267938238,33.601271571298824,92.71348912975377,1.506052937555571,1.408928,1.409504,0.898144,0.89904,0.93472,0.935968,36.199105297817745,36.2785839180689,33.578564940962764,33.67773286706935,92.61160854047962,92.9557144649354,1.505538082866129,1.50778922860958
strided_d32_s202,strided_d32,202,strided,32,141.76,0.2264,148,148,1000000,31,1,1.409056,0.898176,0.936832,36.256898235414354,33.513501237708084,92.4334481678672,1.5040647629457577,1.40848,1.409312,0.89792,0.898656,0.93632,0.937056,36.210734815449285,36.28292461398729,33.48024626848718,33.55128729055987,92.35971943887773,92.57053291536052,1.5033128415300547,1.5049200492004922
strided_d32_s303,strided_d32,303,strided,32,141.76,0.2264,148,148,1000000,31,1,1.40896,0.898176,0.93664,36.25255507608449,33.52259822848058,92.469615336424,1.5042705842159207,1.408512,1.40944,0.897792,0.89856,0.936288,0.936864,36.20728825881498,36.283346577364064,33.492366412213734,33.55361765908161,92.39348370927318,92.56447261090544,1.503586800573888,1.5049728288731672
tail0_d8_s101,tail0_d8,101,interval,8,8.0,1.0,148,148,0,31,1,1.0016,0.620416,0.90192,38.057507987220454,9.952076677316294,26.150100738750833,1.1105197800248359,1.001088,1.00176,0.619776,0.6208,0.901408,0.90224,37.99859371004859,38.12733603807941,9.891971362822819,10.011819953359097,26.000839278220756,26.30033557046979,1.109779023161778,1.1112570556285277
tail0_d8_s202,tail0_d8,202,interval,8,8.0,1.0,148,148,0,31,1,1.001184,0.619872,0.901792,38.086106050436285,9.927445904049607,26.065793890567306,1.110216103048153,1.000896,1.001728,0.619136,0.620256,0.9016,0.9024,38.042713728499265,38.17711891037813,9.85744422425366,9.985301635991807,25.875535399344926,26.187882343082205,1.109353946528615,1.110929679457598
tail0_d8_s303,tail0_d8,303,interval,8,8.0,1.0,148,148,0,31,1,1.001568,0.619712,0.901504,38.12581871625291,9.990734528259694,26.204642587781795,1.1109967343461593,1.001184,1.00192,0.61936,0.620544,0.901472,0.902112,38.03635898910508,38.17391582244096,9.908268609965807,10.022357074417116,26.00234859922833,26.289740793557595,1.1099797779118035,1.1113871929575465
tail2m_d8_s101,tail2m_d8,101,interval,8,8.0,1.0,148,148,2000000,31,1,1.917632,1.407936,1.407968,26.57944798584921,26.577779261088672,99.9937217478654,1.361985499670447,1.91744,1.918112,1.407616,1.408096,1.407584,1.408384,26.568758344459283,26.606162726681244,26.554860241969124,26.605152506173663,99.88710486703464,100.06907812107514,1.3615604835044988,1.3624934639779935
tail2m_d8_s202,tail2m_d8,202,interval,8,8.0,1.0,148,148,2000000,31,1,1.918144,1.408192,1.408192,26.585699509525874,26.585699509525874,100.0,1.3621324364859337,1.917856,1.91824,1.407616,1.408608,1.407808,1.408512,26.55754663463143,26.619065096259725,26.564116253461908,26.609391942614064,99.86206896551724,100.14439979909595,1.3617320974191203,1.362572168932127
tail2m_d8_s303,tail2m_d8,303,interval,8,8.0,1.0,148,148,2000000,31,1,1.918304,1.407936,1.408704,26.60516789831017,26.56513253373814,99.84952034610323,1.361750942710463,1.917664,1.918592,1.407552,1.408032,1.40832,1.40896,26.57934256632738,26.629084176993512,26.533949638727115,26.592497456340798,99.74923202307066,99.93102583396039,1.3611729432608004,1.3622585775960008
