tag,kernel_id,block_id,sm_id,t_launch,t_dep_satisfied,t_end
chain6,0,0,142,1785763899513461952,1785763899513971808,1785763899514481984
chain6,0,1,143,1785763899513461952,1785763899513971808,1785763899514481984
chain6,0,2,144,1785763899513461952,1785763899513971808,1785763899514481984
chain6,0,3,145,1785763899513461952,1785763899513971808,1785763899514482016
chain6,0,4,146,1785763899513461952,1785763899513971776,1785763899514481984
chain6,0,5,147,1785763899513461952,1785763899513971776,1785763899514481984
chain6,0,6,0,1785763899513461920,1785763899513971776,1785763899514481984
chain6,0,7,1,1785763899513461920,1785763899513971776,1785763899514481984
chain6,0,8,16,1785763899513461920,1785763899513971776,1785763899514481984
chain6,0,9,17,1785763899513461920,1785763899513971776,1785763899514481984
chain6,0,10,32,1785763899513461952,1785763899513971808,1785763899514481984
chain6,0,11,33,1785763899513461952,1785763899513971808,1785763899514481984
chain6,0,12,48,1785763899513461952,1785763899513971808,1785763899514481984
chain6,0,13,49,1785763899513461952,1785763899513971808,1785763899514481984
chain6,0,14,64,1785763899513461920,1785763899513971776,1785763899514481984
chain6,0,15,65,1785763899513461920,1785763899513971776,1785763899514481984
chain6,0,16,2,1785763899513461728,1785763899513970784,1785763899514480096
chain6,0,17,3,1785763899513461760,1785763899513970816,1785763899514480128
chain6,0,18,18,1785763899513461760,1785763899513970784,1785763899514480096
chain6,0,19,19,1785763899513461760,1785763899513970816,1785763899514480128
chain6,0,20,34,1785763899513461728,1785763899513970784,1785763899514480064
chain6,0,21,35,1785763899513461760,1785763899513970816,1785763899514480128
chain6,0,22,50,1785763899513461760,1785763899513970816,1785763899514480128
chain6,0,23,51,1785763899513461792,1785763899513970848,1785763899514480128
chain6,0,24,66,1785763899513461728,1785763899513970784,1785763899514480064
chain6,0,25,67,1785763899513461760,1785763899513970816,1785763899514480096
chain6,0,26,80,1785763899513461760,1785763899513970816,1785763899514480128
chain6,0,27,81,1785763899513461792,1785763899513970816,1785763899514480128
chain6,0,28,94,1785763899513461760,1785763899513970784,1785763899514480096
chain6,0,29,95,1785763899513461792,1785763899513970816,1785763899514480128
chain6,0,30,108,1785763899513461728,1785763899513970784,1785763899514480064
chain6,0,31,109,1785763899513461728,1785763899513970784,1785763899514480064
chain6,0,32,122,1785763899513461760,1785763899513970784,1785763899514480096
chain6,0,33,123,1785763899513461792,1785763899513970816,1785763899514480128
chain6,0,34,4,1785763899513461728,1785763899513970880,1785763899514480160
chain6,0,35,5,1785763899513461760,1785763899513970912,1785763899514480224
chain6,0,36,20,1785763899513461728,1785763899513970880,1785763899514480192
chain6,0,37,21,1785763899513461760,1785763899513970912,1785763899514480256
chain6,0,38,36,1785763899513461728,1785763899513970880,1785763899514480192
chain6,0,39,37,1785763899513461760,1785763899513970912,1785763899514480256
chain6,0,40,52,1785763899513461760,1785763899513970912,1785763899514480320
chain6,0,41,53,1785763899513461792,1785763899513970912,1785763899514480320
chain6,0,42,68,1785763899513461728,1785763899513970848,1785763899514480160
chain6,0,43,69,1785763899513461760,1785763899513970880,1785763899514480192
chain6,0,44,82,1785763899513461760,1785763899513970880,1785763899514480288
chain6,0,45,83,1785763899513461792,1785763899513970912,1785763899514480320
chain6,0,46,96,1785763899513461760,1785763899513970912,1785763899514480320
chain6,0,47,97,1785763899513461792,1785763899513970912,1785763899514480352
chain6,0,48,110,1785763899513461760,1785763899513970880,1785763899514480256
chain6,0,49,111,1785763899513461792,1785763899513970912,1785763899514480320
chain6,0,50,124,1785763899513461760,1785763899513970880,1785763899514480192
chain6,0,51,125,1785763899513461792,1785763899513970912,1785763899514480288
chain6,0,52,6,1785763899513461760,1785763899513970784,1785763899514479936
chain6,0,53,7,1785763899513461792,1785763899513970784,1785763899514479968
chain6,0,54,22,1785763899513461760,1785763899513970752,1785763899514479936
chain6,0,55,23,1785763899513461792,1785763899513970784,1785763899514479968
chain6,0,56,38,1785763899513461792,1785763899513970784,1785763899514479968
chain6,0,57,39,1785763899513461792,1785763899513970816,1785763899514480000
chain6,0,58,54,1785763899513461760,1785763899513970784,1785763899514479968
chain6,0,59,55,1785763899513461792,1785763899513970784,1785763899514479968
chain6,0,60,70,1785763899513461760,1785763899513970752,1785763899514479936
chain6,0,61,71,1785763899513461792,1785763899513970784,1785763899514479968
chain6,0,62,84,1785763899513461760,1785763899513970784,1785763899514479936
chain6,0,63,85,1785763899513461792,1785763899513970784,1785763899514479968
chain6,0,64,98,1785763899513461760,1785763899513970784,1785763899514479936
chain6,0,65,99,1785763899513461792,1785763899513970784,1785763899514479968
chain6,0,66,112,1785763899513461728,1785763899513970752,1785763899514479904
chain6,0,67,113,1785763899513461760,1785763899513970784,1785763899514479936
chain6,0,68,126,1785763899513461760,1785763899513970752,1785763899514479936
chain6,0,69,127,1785763899513461792,1785763899513970784,1785763899514479936
chain6,0,70,8,1785763899513461920,1785763899513971520,1785763899514481280
chain6,0,71,9,1785763899513461920,1785763899513971520,1785763899514481280
chain6,0,72,24,1785763899513461920,1785763899513971520,1785763899514481280
chain6,0,73,25,1785763899513461952,1785763899513971520,1785763899514481280
chain6,0,74,40,1785763899513461952,1785763899513971552,1785763899514481312
chain6,0,75,41,1785763899513461952,1785763899513971552,1785763899514481312
chain6,0,76,56,1785763899513461952,1785763899513971552,1785763899514481280
chain6,0,77,57,1785763899513461952,1785763899513971552,1785763899514481280
chain6,0,78,72,1785763899513461920,1785763899513971520,1785763899514481280
chain6,0,79,73,1785763899513461920,1785763899513971520,1785763899514481280
chain6,0,80,86,1785763899513461952,1785763899513971552,1785763899514481280
chain6,0,81,87,1785763899513461952,1785763899513971552,1785763899514481280
chain6,0,82,100,1785763899513461952,1785763899513971552,1785763899514481280
chain6,0,83,101,1785763899513461952,1785763899513971552,1785763899514481312
chain6,0,84,114,1785763899513461984,1785763899513971552,1785763899514481280
chain6,0,85,115,1785763899513461984,1785763899513971552,1785763899514481280
chain6,0,86,128,1785763899513461952,1785763899513971552,1785763899514481280
chain6,0,87,129,1785763899513461952,1785763899513971552,1785763899514481280
chain6,0,88,10,1785763899513461760,1785763899513970784,1785763899514479968
chain6,0,89,11,1785763899513461792,1785763899513970784,1785763899514479968
chain6,0,90,26,1785763899513461760,1785763899513970752,1785763899514479968
chain6,0,91,27,1785763899513461792,1785763899513970784,1785763899514479968
chain6,0,92,42,1785763899513461728,1785763899513970752,1785763899514479936
chain6,0,93,43,1785763899513461760,1785763899513970784,1785763899514479968
chain6,0,94,58,1785763899513461760,1785763899513970784,1785763899514479968
chain6,0,95,59,1785763899513461792,1785763899513970816,1785763899514480000
chain6,0,96,74,1785763899513461728,1785763899513970752,1785763899514479936
chain6,0,97,75,1785763899513461792,1785763899513970784,1785763899514479968
chain6,0,98,88,1785763899513461760,1785763899513970784,1785763899514479968
chain6,0,99,89,1785763899513461792,1785763899513970816,1785763899514479968
chain6,0,100,102,1785763899513461760,1785763899513970784,1785763899514479968
chain6,0,101,103,1785763899513461792,1785763899513970816,1785763899514479968
chain6,0,102,116,1785763899513461760,1785763899513970784,1785763899514479968
chain6,0,103,117,1785763899513461792,1785763899513970816,1785763899514480000
chain6,0,104,130,1785763899513461728,1785763899513970752,1785763899514479936
chain6,0,105,131,1785763899513461760,1785763899513970784,1785763899514479936
chain6,0,106,136,1785763899513461760,1785763899513970752,1785763899514479968
chain6,0,107,137,1785763899513461792,1785763899513970784,1785763899514479968
chain6,0,108,12,1785763899513461920,1785763899513970944,1785763899514480320
chain6,0,109,13,1785763899513461920,1785763899513970944,1785763899514480320
chain6,0,110,28,1785763899513461920,1785763899513970976,1785763899514480320
chain6,0,111,29,1785763899513461952,1785763899513970976,1785763899514480320
chain6,0,112,44,1785763899513461952,1785763899513970976,1785763899514480320
chain6,0,113,45,1785763899513461952,1785763899513970976,1785763899514480320
chain6,0,114,60,1785763899513461952,1785763899513971008,1785763899514480320
chain6,0,115,61,1785763899513461952,1785763899513971008,1785763899514480352
chain6,0,116,76,1785763899513461920,1785763899513970944,1785763899514480320
chain6,0,117,77,1785763899513461920,1785763899513970976,1785763899514480320
chain6,0,118,90,1785763899513461952,1785763899513970976,1785763899514480320
chain6,0,119,91,1785763899513461952,1785763899513970976,1785763899514480320
chain6,0,120,104,1785763899513461952,1785763899513971008,1785763899514480320
chain6,0,121,105,1785763899513461952,1785763899513971008,1785763899514480320
chain6,0,122,118,1785763899513461952,1785763899513971008,1785763899514480320
chain6,0,123,119,1785763899513461984,1785763899513971008,1785763899514480320
chain6,0,124,132,1785763899513461920,1785763899513970976,1785763899514480320
chain6,0,125,133,1785763899513461920,1785763899513970976,1785763899514480320
chain6,0,126,138,1785763899513461952,1785763899513970976,1785763899514480320
chain6,0,127,139,1785763899513461952,1785763899513970976,1785763899514480320
chain6,0,128,14,1785763899513461920,1785763899513970976,1785763899514480384
chain6,0,129,15,1785763899513461920,1785763899513970976,1785763899514480416
chain6,0,130,30,1785763899513461920,1785763899513970976,1785763899514480384
chain6,0,131,31,1785763899513461920,1785763899513970976,1785763899514480384
chain6,0,132,46,1785763899513461952,1785763899513970976,1785763899514480416
chain6,0,133,47,1785763899513461952,1785763899513971008,1785763899514480416
chain6,0,134,62,1785763899513461952,1785763899513971008,1785763899514480416
chain6,0,135,63,1785763899513461952,1785763899513971008,1785763899514480416
chain6,0,136,78,1785763899513461920,1785763899513970976,1785763899514480384
chain6,0,137,79,1785763899513461920,1785763899513970976,1785763899514480416
chain6,0,138,92,1785763899513461952,1785763899513970976,1785763899514480384
chain6,0,139,93,1785763899513461952,1785763899513970976,1785763899514480416
chain6,0,140,106,1785763899513461952,1785763899513971008,1785763899514480416
chain6,0,141,107,1785763899513461952,1785763899513971008,1785763899514480416
chain6,0,142,120,1785763899513461952,1785763899513971008,1785763899514480416
chain6,0,143,121,1785763899513461984,1785763899513971008,1785763899514480416
chain6,0,144,134,1785763899513461920,1785763899513970976,1785763899514480384
chain6,0,145,135,1785763899513461920,1785763899513970976,1785763899514480384
chain6,0,146,140,1785763899513461952,1785763899513970976,1785763899514480416
chain6,0,147,141,1785763899513461952,1785763899513970976,1785763899514480416
chain6,1,0,142,1785763899513972672,1785763899514482944,1785763899514992864
chain6,1,1,143,1785763899513972640,1785763899514482944,1785763899514992864
chain6,1,2,144,1785763899513972672,1785763899514482944,1785763899514992864
chain6,1,3,145,1785763899513972608,1785763899514482944,1785763899514992864
chain6,1,4,146,1785763899513972640,1785763899514482944,1785763899514992832
chain6,1,5,147,1785763899513972640,1785763899514482944,1785763899514992864
chain6,1,6,0,1785763899513972608,1785763899514482944,1785763899514992864
chain6,1,7,1,1785763899513972608,1785763899514482944,1785763899514992864
chain6,1,8,16,1785763899513972608,1785763899514482944,1785763899514992864
chain6,1,9,17,1785763899513972608,1785763899514482944,1785763899514992864
chain6,1,10,32,1785763899513972640,1785763899514482944,1785763899514992832
chain6,1,11,33,1785763899513972640,1785763899514482944,1785763899514992864
chain6,1,12,48,1785763899513972672,1785763899514482944,1785763899514992864
chain6,1,13,49,1785763899513972640,1785763899514482944,1785763899514992864
chain6,1,14,64,1785763899513972640,1785763899514482944,1785763899514992864
chain6,1,15,65,1785763899513972640,1785763899514482944,1785763899514992864
chain6,1,16,2,1785763899513972608,1785763899514482976,1785763899514992160
chain6,1,17,3,1785763899513972640,1785763899514482976,1785763899514992160
chain6,1,18,18,1785763899513972608,1785763899514482976,1785763899514992160
chain6,1,19,19,1785763899513972640,1785763899514482976,1785763899514992160
chain6,1,20,34,1785763899513972608,1785763899514482976,1785763899514992160
chain6,1,21,35,1785763899513972640,1785763899514482976,1785763899514992160
chain6,1,22,50,1785763899513972608,1785763899514482976,1785763899514992192
chain6,1,23,51,1785763899513972640,1785763899514482976,1785763899514992192
chain6,1,24,66,1785763899513972608,1785763899514482976,1785763899514992128
chain6,1,25,67,1785763899513972608,1785763899514482976,1785763899514992128
chain6,1,26,80,1785763899513972608,1785763899514482976,1785763899514992192
chain6,1,27,81,1785763899513972640,1785763899514482976,1785763899514992160
chain6,1,28,94,1785763899513972608,1785763899514482976,1785763899514992160
chain6,1,29,95,1785763899513972640,1785763899514482976,1785763899514992160
chain6,1,30,108,1785763899513972608,1785763899514482976,1785763899514992128
chain6,1,31,109,1785763899513972608,1785763899514482976,1785763899514992128
chain6,1,32,122,1785763899513972608,1785763899514482976,1785763899514992160
chain6,1,33,123,1785763899513972640,1785763899514482976,1785763899514992160
chain6,1,34,4,1785763899513972608,1785763899514482976,1785763899514992160
chain6,1,35,5,1785763899513972608,1785763899514482976,1785763899514992160
chain6,1,36,20,1785763899513972608,1785763899514482976,1785763899514992192
chain6,1,37,21,1785763899513972640,1785763899514482976,1785763899514992192
chain6,1,38,36,1785763899513972608,1785763899514482976,1785763899514992192
chain6,1,39,37,1785763899513972640,1785763899514482976,1785763899514992192
chain6,1,40,52,1785763899513972608,1785763899514482976,1785763899514992192
chain6,1,41,53,1785763899513972640,1785763899514482976,1785763899514992192
chain6,1,42,68,1785763899513972608,1785763899514482976,1785763899514992160
chain6,1,43,69,1785763899513972608,1785763899514482976,1785763899514992160
chain6,1,44,82,1785763899513972608,1785763899514482976,1785763899514992192
chain6,1,45,83,1785763899513972640,1785763899514482976,1785763899514992192
chain6,1,46,96,1785763899513972640,1785763899514482976,1785763899514992192
chain6,1,47,97,1785763899513972640,1785763899514482976,1785763899514992192
chain6,1,48,110,1785763899513972608,1785763899514482976,1785763899514992192
chain6,1,49,111,1785763899513972640,1785763899514482976,1785763899514992192
chain6,1,50,124,1785763899513972608,1785763899514482976,1785763899514992192
chain6,1,51,125,1785763899513972640,1785763899514482976,1785763899514992192
chain6,1,52,6,1785763899513972608,1785763899514482976,1785763899514992128
chain6,1,53,7,1785763899513972640,1785763899514482976,1785763899514992128
chain6,1,54,22,1785763899513972608,1785763899514482976,1785763899514992128
chain6,1,55,23,1785763899513972640,1785763899514482976,1785763899514992128
chain6,1,56,38,1785763899513972640,1785763899514482976,1785763899514992128
chain6,1,57,39,1785763899513972640,1785763899514482976,1785763899514992128
chain6,1,58,54,1785763899513972608,1785763899514482976,1785763899514992128
chain6,1,59,55,1785763899513972640,1785763899514482976,1785763899514992128
chain6,1,60,70,1785763899513972608,1785763899514482976,1785763899514992128
chain6,1,61,71,1785763899513972640,1785763899514482976,1785763899514992128
chain6,1,62,84,1785763899513972608,1785763899514482976,1785763899514992128
chain6,1,63,85,1785763899513972640,1785763899514482976,1785763899514992128
chain6,1,64,98,1785763899513972608,1785763899514482976,1785763899514992128
chain6,1,65,99,1785763899513972640,1785763899514482976,1785763899514992128
chain6,1,66,112,1785763899513972608,1785763899514482976,1785763899514992128
chain6,1,67,113,1785763899513972608,1785763899514482976,1785763899514992128
chain6,1,68,126,1785763899513972608,1785763899514482976,1785763899514992128
chain6,1,69,127,1785763899513972640,1785763899514482976,1785763899514992128
chain6,1,70,8,1785763899513972608,1785763899514482944,1785763899514992544
chain6,1,71,9,1785763899513972608,1785763899514482944,1785763899514992544
chain6,1,72,24,1785763899513972640,1785763899514482944,1785763899514992544
chain6,1,73,25,1785763899513972608,1785763899514482944,1785763899514992544
chain6,1,74,40,1785763899513972640,1785763899514482944,1785763899514992544
chain6,1,75,41,1785763899513972640,1785763899514482944,1785763899514992544
chain6,1,76,56,1785763899513972640,1785763899514482944,1785763899514992544
chain6,1,77,57,1785763899513972672,1785763899514482944,1785763899514992544
chain6,1,78,72,1785763899513972608,1785763899514482944,1785763899514992544
chain6,1,79,73,1785763899513972608,1785763899514482944,1785763899514992544
chain6,1,80,86,1785763899513972640,1785763899514482944,1785763899514992544
chain6,1,81,87,1785763899513972672,1785763899514482944,1785763899514992544
chain6,1,82,100,1785763899513972640,1785763899514482944,1785763899514992544
chain6,1,83,101,1785763899513972672,1785763899514482944,1785763899514992544
chain6,1,84,114,1785763899513972672,1785763899514482944,1785763899514992544
chain6,1,85,115,1785763899513972672,1785763899514482944,1785763899514992544
chain6,1,86,128,1785763899513972640,1785763899514482944,1785763899514992544
chain6,1,87,129,1785763899513972640,1785763899514482944,1785763899514992544
chain6,1,88,10,1785763899513972608,1785763899514482976,1785763899514992128
chain6,1,89,11,1785763899513972640,1785763899514482976,1785763899514992128
chain6,1,90,26,1785763899513972608,1785763899514482944,1785763899514992128
chain6,1,91,27,1785763899513972640,1785763899514482944,1785763899514992128
chain6,1,92,42,1785763899513972608,1785763899514482976,1785763899514992128
chain6,1,93,43,1785763899513972640,1785763899514482976,1785763899514992128
chain6,1,94,58,1785763899513972608,1785763899514482976,1785763899514992128
chain6,1,95,59,1785763899513972640,1785763899514482976,1785763899514992128
chain6,1,96,74,1785763899513972608,1785763899514482976,1785763899514992128
chain6,1,97,75,1785763899513972640,1785763899514482976,1785763899514992128
chain6,1,98,88,1785763899513972608,1785763899514482976,1785763899514992128
chain6,1,99,89,1785763899513972640,1785763899514482976,1785763899514992128
chain6,1,100,102,1785763899513972640,1785763899514482976,1785763899514992128
chain6,1,101,103,1785763899513972672,1785763899514482976,1785763899514992160
chain6,1,102,116,1785763899513972608,1785763899514482976,1785763899514992128
chain6,1,103,117,1785763899513972640,1785763899514482976,1785763899514992128
chain6,1,104,130,1785763899513972608,1785763899514482976,1785763899514992128
chain6,1,105,131,1785763899513972608,1785763899514482976,1785763899514992128
chain6,1,106,136,1785763899513972608,1785763899514482976,1785763899514992128
chain6,1,107,137,1785763899513972640,1785763899514482976,1785763899514992128
chain6,1,108,12,1785763899513972608,1785763899514482944,1785763899514992320
chain6,1,109,13,1785763899513972640,1785763899514482944,1785763899514992320
chain6,1,110,28,1785763899513972640,1785763899514482944,1785763899514992320
chain6,1,111,29,1785763899513972640,1785763899514482944,1785763899514992352
chain6,1,112,44,1785763899513972672,1785763899514482944,1785763899514992320
chain6,1,113,45,1785763899513972672,1785763899514482944,1785763899514992320
chain6,1,114,60,1785763899513972672,1785763899514482944,1785763899514992320
chain6,1,115,61,1785763899513972672,1785763899514482944,1785763899514992320
chain6,1,116,76,1785763899513972608,1785763899514482944,1785763899514992320
chain6,1,117,77,1785763899513972640,1785763899514482944,1785763899514992320
chain6,1,118,90,1785763899513972672,1785763899514482944,1785763899514992320
chain6,1,119,91,1785763899513972672,1785763899514482944,1785763899514992320
chain6,1,120,104,1785763899513972672,1785763899514482944,1785763899514992320
chain6,1,121,105,1785763899513972672,1785763899514482944,1785763899514992352
chain6,1,122,118,1785763899513972672,1785763899514482944,1785763899514992320
chain6,1,123,119,1785763899513972672,1785763899514482944,1785763899514992320
chain6,1,124,132,1785763899513972640,1785763899514482944,1785763899514992320
chain6,1,125,133,1785763899513972640,1785763899514482944,1785763899514992320
chain6,1,126,138,1785763899513972672,1785763899514482944,1785763899514992320
chain6,1,127,139,1785763899513972640,1785763899514482944,1785763899514992352
chain6,1,128,14,1785763899513972608,1785763899514482944,1785763899514992320
chain6,1,129,15,1785763899513972672,1785763899514482944,1785763899514992320
chain6,1,130,30,1785763899513972640,1785763899514482944,1785763899514992320
chain6,1,131,31,1785763899513972640,1785763899514482944,1785763899514992320
chain6,1,132,46,1785763899513972672,1785763899514482944,1785763899514992320
chain6,1,133,47,1785763899513972640,1785763899514482944,1785763899514992320
chain6,1,134,62,1785763899513972672,1785763899514482944,1785763899514992320
chain6,1,135,63,1785763899513972672,1785763899514482944,1785763899514992352
chain6,1,136,78,1785763899513972608,1785763899514482944,1785763899514992320
chain6,1,137,79,1785763899513972640,1785763899514482944,1785763899514992320
chain6,1,138,92,1785763899513972672,1785763899514482944,1785763899514992320
chain6,1,139,93,1785763899513972640,1785763899514482944,1785763899514992320
chain6,1,140,106,1785763899513972672,1785763899514482944,1785763899514992352
chain6,1,141,107,1785763899513972672,1785763899514482944,1785763899514992352
chain6,1,142,120,1785763899513972672,1785763899514482944,1785763899514992320
chain6,1,143,121,1785763899513972672,1785763899514482944,1785763899514992320
chain6,1,144,134,1785763899513972640,1785763899514482944,1785763899514992320
chain6,1,145,135,1785763899513972640,1785763899514482944,1785763899514992320
chain6,1,146,140,1785763899513972672,1785763899514482944,1785763899514992320
chain6,1,147,141,1785763899513972640,1785763899514482944,1785763899514992320
chain6,2,0,142,1785763899514483744,1785763899514993792,1785763899515503776
chain6,2,1,143,1785763899514483776,1785763899514993792,1785763899515503776
chain6,2,2,144,1785763899514483744,1785763899514993792,1785763899515503776
chain6,2,3,145,1785763899514483776,1785763899514993792,1785763899515503776
chain6,2,4,146,1785763899514483744,1785763899514993792,1785763899515503776
chain6,2,5,147,1785763899514483776,1785763899514993792,1785763899515503776
chain6,2,6,0,1785763899514483712,1785763899514993792,1785763899515503776
chain6,2,7,1,1785763899514483744,1785763899514993792,1785763899515503776
chain6,2,8,16,1785763899514483744,1785763899514993792,1785763899515503776
chain6,2,9,17,1785763899514483776,1785763899514993792,1785763899515503776
chain6,2,10,32,1785763899514483744,1785763899514993792,1785763899515503776
chain6,2,11,33,1785763899514483744,1785763899514993792,1785763899515503776
chain6,2,12,48,1785763899514483744,1785763899514993792,1785763899515503776
chain6,2,13,49,1785763899514483776,1785763899514993792,1785763899515503776
chain6,2,14,64,1785763899514483744,1785763899514993792,1785763899515503776
chain6,2,15,65,1785763899514483776,1785763899514993792,1785763899515503776
chain6,2,16,2,1785763899514483776,1785763899514993824,1785763899515503008
chain6,2,17,3,1785763899514483776,1785763899514993824,1785763899515503008
chain6,2,18,18,1785763899514483840,1785763899514993824,1785763899515503008
chain6,2,19,19,1785763899514483808,1785763899514993824,1785763899515503008
chain6,2,20,34,1785763899514483840,1785763899514993824,1785763899515503008
chain6,2,21,35,1785763899514483840,1785763899514993824,1785763899515503008
chain6,2,22,50,1785763899514483840,1785763899514993824,1785763899515503008
chain6,2,23,51,1785763899514483840,1785763899514993824,1785763899515503008
chain6,2,24,66,1785763899514483808,1785763899514993824,1785763899515503008
chain6,2,25,67,1785763899514483808,1785763899514993824,1785763899515503008
chain6,2,26,80,1785763899514483840,1785763899514993824,1785763899515503008
chain6,2,27,81,1785763899514483808,1785763899514993824,1785763899515503008
chain6,2,28,94,1785763899514483840,1785763899514993824,1785763899515503008
chain6,2,29,95,1785763899514483808,1785763899514993824,1785763899515503008
chain6,2,30,108,1785763899514483808,1785763899514993792,1785763899515503008
chain6,2,31,109,1785763899514483808,1785763899514993792,1785763899515502976
chain6,2,32,122,1785763899514483840,1785763899514993824,1785763899515503008
chain6,2,33,123,1785763899514483840,1785763899514993824,1785763899515503008
chain6,2,34,4,1785763899514483776,1785763899514993824,1785763899515503008
chain6,2,35,5,1785763899514483808,1785763899514993824,1785763899515503008
chain6,2,36,20,1785763899514483808,1785763899514993824,1785763899515503008
chain6,2,37,21,1785763899514483808,1785763899514993824,1785763899515503008
chain6,2,38,36,1785763899514483840,1785763899514993824,1785763899515503008
chain6,2,39,37,1785763899514483840,1785763899514993824,1785763899515503008
chain6,2,40,52,1785763899514483840,1785763899514993824,1785763899515503040
chain6,2,41,53,1785763899514483808,1785763899514993824,1785763899515503008
chain6,2,42,68,1785763899514483808,1785763899514993824,1785763899515503008
chain6,2,43,69,1785763899514483808,1785763899514993824,1785763899515502976
chain6,2,44,82,1785763899514483840,1785763899514993824,1785763899515503008
chain6,2,45,83,1785763899514483808,1785763899514993824,1785763899515503008
chain6,2,46,96,1785763899514483840,1785763899514993824,1785763899515503040
chain6,2,47,97,1785763899514483808,1785763899514993824,1785763899515503040
chain6,2,48,110,1785763899514483840,1785763899514993824,1785763899515503008
chain6,2,49,111,1785763899514483840,1785763899514993824,1785763899515503008
chain6,2,50,124,1785763899514483840,1785763899514993824,1785763899515503008
chain6,2,51,125,1785763899514483840,1785763899514993824,1785763899515503008
chain6,2,52,6,1785763899514483776,1785763899514993824,1785763899515502976
chain6,2,53,7,1785763899514483808,1785763899514993824,1785763899515503008
chain6,2,54,22,1785763899514483808,1785763899514993824,1785763899515502976
chain6,2,55,23,1785763899514483808,1785763899514993824,1785763899515502976
chain6,2,56,38,1785763899514483840,1785763899514993824,1785763899515503008
chain6,2,57,39,1785763899514483840,1785763899514993824,1785763899515503008
chain6,2,58,54,1785763899514483840,1785763899514993824,1785763899515503008
chain6,2,59,55,1785763899514483840,1785763899514993824,1785763899515503008
chain6,2,60,70,1785763899514483776,1785763899514993824,1785763899515502976
chain6,2,61,71,1785763899514483776,1785763899514993824,1785763899515502976
chain6,2,62,84,1785763899514483840,1785763899514993824,1785763899515502976
chain6,2,63,85,1785763899514483840,1785763899514993824,1785763899515503008
chain6,2,64,98,1785763899514483840,1785763899514993824,1785763899515502976
chain6,2,65,99,1785763899514483840,1785763899514993824,1785763899515502976
chain6,2,66,112,1785763899514483808,1785763899514993824,1785763899515502976
chain6,2,67,113,1785763899514483808,1785763899514993824,1785763899515502976
chain6,2,68,126,1785763899514483840,1785763899514993824,1785763899515502976
chain6,2,69,127,1785763899514483808,1785763899514993824,1785763899515502976
chain6,2,70,8,1785763899514483744,1785763899514993792,1785763899515503360
chain6,2,71,9,1785763899514483776,1785763899514993792,1785763899515503360
chain6,2,72,24,1785763899514483744,1785763899514993792,1785763899515503392
chain6,2,73,25,1785763899514483776,1785763899514993792,1785763899515503360
chain6,2,74,40,1785763899514483744,1785763899514993792,1785763899515503360
chain6,2,75,41,1785763899514483776,1785763899514993792,1785763899515503360
chain6,2,76,56,1785763899514483776,1785763899514993792,1785763899515503392
chain6,2,77,57,1785763899514483776,1785763899514993792,1785763899515503392
chain6,2,78,72,1785763899514483744,1785763899514993792,1785763899515503360
chain6,2,79,73,1785763899514483744,1785763899514993792,1785763899515503360
chain6,2,80,86,1785763899514483776,1785763899514993792,1785763899515503392
chain6,2,81,87,1785763899514483776,1785763899514993792,1785763899515503392
chain6,2,82,100,1785763899514483776,1785763899514993792,1785763899515503392
chain6,2,83,101,1785763899514483776,1785763899514993792,1785763899515503392
chain6,2,84,114,1785763899514483744,1785763899514993792,1785763899515503392
chain6,2,85,115,1785763899514483776,1785763899514993792,1785763899515503360
chain6,2,86,128,1785763899514483744,1785763899514993792,1785763899515503392
chain6,2,87,129,1785763899514483776,1785763899514993792,1785763899515503360
chain6,2,88,10,1785763899514483776,1785763899514993824,1785763899515503008
chain6,2,89,11,1785763899514483840,1785763899514993824,1785763899515502976
chain6,2,90,26,1785763899514483808,1785763899514993792,1785763899515502976
chain6,2,91,27,1785763899514483808,1785763899514993792,1785763899515502976
chain6,2,92,42,1785763899514483840,1785763899514993824,1785763899515502976
chain6,2,93,43,1785763899514483808,1785763899514993824,1785763899515502976
chain6,2,94,58,1785763899514483840,1785763899514993824,1785763899515502976
chain6,2,95,59,1785763899514483840,1785763899514993824,1785763899515503008
chain6,2,96,74,1785763899514483776,1785763899514993824,1785763899515502976
chain6,2,97,75,1785763899514483808,1785763899514993824,1785763899515502976
chain6,2,98,88,1785763899514483840,1785763899514993824,1785763899515502976
chain6,2,99,89,1785763899514483840,1785763899514993824,1785763899515502976
chain6,2,100,102,1785763899514483840,1785763899514993824,1785763899515502976
chain6,2,101,103,1785763899514483840,1785763899514993824,1785763899515503008
chain6,2,102,116,1785763899514483840,1785763899514993824,1785763899515502976
chain6,2,103,117,1785763899514483840,1785763899514993824,1785763899515502976
chain6,2,104,130,1785763899514483808,1785763899514993792,1785763899515502976
chain6,2,105,131,1785763899514483808,1785763899514993792,1785763899515502976
chain6,2,106,136,1785763899514483840,1785763899514993824,1785763899515502976
chain6,2,107,137,1785763899514483840,1785763899514993824,1785763899515502976
chain6,2,108,12,1785763899514483744,1785763899514993792,1785763899515503168
chain6,2,109,13,1785763899514483776,1785763899514993792,1785763899515503168
chain6,2,110,28,1785763899514483744,1785763899514993792,1785763899515503168
chain6,2,111,29,1785763899514483776,1785763899514993792,1785763899515503168
chain6,2,112,44,1785763899514483744,1785763899514993792,1785763899515503168
chain6,2,113,45,1785763899514483776,1785763899514993792,1785763899515503168
chain6,2,114,60,1785763899514483776,1785763899514993792,1785763899515503200
chain6,2,115,61,1785763899514483776,1785763899514993792,1785763899515503200
chain6,2,116,76,1785763899514483744,1785763899514993792,1785763899515503168
chain6,2,117,77,1785763899514483776,1785763899514993792,1785763899515503168
chain6,2,118,90,1785763899514483776,1785763899514993792,1785763899515503168
chain6,2,119,91,1785763899514483776,1785763899514993792,1785763899515503168
chain6,2,120,104,1785763899514483776,1785763899514993792,1785763899515503200
chain6,2,121,105,1785763899514483808,1785763899514993792,1785763899515503200
chain6,2,122,118,1785763899514483776,1785763899514993792,1785763899515503168
chain6,2,123,119,1785763899514483776,1785763899514993792,1785763899515503200
chain6,2,124,132,1785763899514483744,1785763899514993792,1785763899515503168
chain6,2,125,133,1785763899514483744,1785763899514993792,1785763899515503168
chain6,2,126,138,1785763899514483744,1785763899514993792,1785763899515503168
chain6,2,127,139,1785763899514483776,1785763899514993792,1785763899515503168
chain6,2,128,14,1785763899514483744,1785763899514993792,1785763899515503168
chain6,2,129,15,1785763899514483776,1785763899514993792,1785763899515503136
chain6,2,130,30,1785763899514483744,1785763899514993792,1785763899515503168
chain6,2,131,31,1785763899514483776,1785763899514993792,1785763899515503168
chain6,2,132,46,1785763899514483744,1785763899514993792,1785763899515503168
chain6,2,133,47,1785763899514483776,1785763899514993792,1785763899515503136
chain6,2,134,62,1785763899514483776,1785763899514993792,1785763899515503168
chain6,2,135,63,1785763899514483776,1785763899514993792,1785763899515503168
chain6,2,136,78,1785763899514483744,1785763899514993792,1785763899515503136
chain6,2,137,79,1785763899514483776,1785763899514993792,1785763899515503136
chain6,2,138,92,1785763899514483744,1785763899514993792,1785763899515503168
chain6,2,139,93,1785763899514483776,1785763899514993792,1785763899515503168
chain6,2,140,106,1785763899514483776,1785763899514993792,1785763899515503168
chain6,2,141,107,1785763899514483808,1785763899514993792,1785763899515503168
chain6,2,142,120,1785763899514483776,1785763899514993792,1785763899515503168
chain6,2,143,121,1785763899514483776,1785763899514993792,1785763899515503168
chain6,2,144,134,1785763899514483744,1785763899514993792,1785763899515503168
chain6,2,145,135,1785763899514483744,1785763899514993792,1785763899515503168
chain6,2,146,140,1785763899514483744,1785763899514993792,1785763899515503168
chain6,2,147,141,1785763899514483776,1785763899514993792,1785763899515503168
chain6,3,0,142,1785763899514994592,1785763899515504704,1785763899516014336
chain6,3,1,143,1785763899514994624,1785763899515504704,1785763899516014304
chain6,3,2,144,1785763899514994592,1785763899515504704,1785763899516014304
chain6,3,3,145,1785763899514994624,1785763899515504704,1785763899516014304
chain6,3,4,146,1785763899514994592,1785763899515504704,1785763899516014304
chain6,3,5,147,1785763899514994592,1785763899515504704,1785763899516014304
chain6,3,6,0,1785763899514994560,1785763899515504704,1785763899516014304
chain6,3,7,1,1785763899514994592,1785763899515504704,1785763899516014304
chain6,3,8,16,1785763899514994592,1785763899515504704,1785763899516014304
chain6,3,9,17,1785763899514994624,1785763899515504704,1785763899516014304
chain6,3,10,32,1785763899514994592,1785763899515504704,1785763899516014304
chain6,3,11,33,1785763899514994592,1785763899515504704,1785763899516014304
chain6,3,12,48,1785763899514994592,1785763899515504704,1785763899516014304
chain6,3,13,49,1785763899514994624,1785763899515504704,1785763899516014304
chain6,3,14,64,1785763899514994592,1785763899515504704,1785763899516014304
chain6,3,15,65,1785763899514994624,1785763899515504704,1785763899516014304
chain6,3,16,2,1785763899514994656,1785763899515504736,1785763899516013920
chain6,3,17,3,1785763899514994656,1785763899515504736,1785763899516013920
chain6,3,18,18,1785763899514994688,1785763899515504736,1785763899516013920
chain6,3,19,19,1785763899514994688,1785763899515504736,1785763899516013920
chain6,3,20,34,1785763899514994688,1785763899515504736,1785763899516013920
chain6,3,21,35,1785763899514994688,1785763899515504736,1785763899516013888
chain6,3,22,50,1785763899514994688,1785763899515504736,1785763899516013920
chain6,3,23,51,1785763899514994720,1785763899515504736,1785763899516013920
chain6,3,24,66,1785763899514994656,1785763899515504736,1785763899516013888
chain6,3,25,67,1785763899514994656,1785763899515504736,1785763899516013888
chain6,3,26,80,1785763899514994688,1785763899515504736,1785763899516013920
chain6,3,27,81,1785763899514994688,1785763899515504736,1785763899516013920
chain6,3,28,94,1785763899514994720,1785763899515504736,1785763899516013920
chain6,3,29,95,1785763899514994720,1785763899515504736,1785763899516013920
chain6,3,30,108,1785763899514994656,1785763899515504736,1785763899516013888
chain6,3,31,109,1785763899514994656,1785763899515504736,1785763899516013888
chain6,3,32,122,1785763899514994688,1785763899515504736,1785763899516013920
chain6,3,33,123,1785763899514994688,1785763899515504736,1785763899516013920
chain6,3,34,4,1785763899514994656,1785763899515504736,1785763899516013920
chain6,3,35,5,1785763899514994656,1785763899515504736,1785763899516013920
chain6,3,36,20,1785763899514994688,1785763899515504736,1785763899516013920
chain6,3,37,21,1785763899514994688,1785763899515504736,1785763899516013920
chain6,3,38,36,1785763899514994688,1785763899515504736,1785763899516013920
chain6,3,39,37,1785763899514994688,1785763899515504736,1785763899516013920
chain6,3,40,52,1785763899514994720,1785763899515504736,1785763899516013952
chain6,3,41,53,1785763899514994720,1785763899515504736,1785763899516013952
chain6,3,42,68,1785763899514994656,1785763899515504736,1785763899516013888
chain6,3,43,69,1785763899514994656,1785763899515504736,1785763899516013888
chain6,3,44,82,1785763899514994688,1785763899515504736,1785763899516013952
chain6,3,45,83,1785763899514994688,1785763899515504736,1785763899516013952
chain6,3,46,96,1785763899514994720,1785763899515504736,1785763899516013952
chain6,3,47,97,1785763899514994720,1785763899515504736,1785763899516013952
chain6,3,48,110,1785763899514994720,1785763899515504736,1785763899516013952
chain6,3,49,111,1785763899514994720,1785763899515504736,1785763899516013920
chain6,3,50,124,1785763899514994688,1785763899515504736,1785763899516013920
chain6,3,51,125,1785763899514994688,1785763899515504736,1785763899516013920
chain6,3,52,6,1785763899514994656,1785763899515504736,1785763899516013888
chain6,3,53,7,1785763899514994656,1785763899515504736,1785763899516013888
chain6,3,54,22,1785763899514994688,1785763899515504736,1785763899516013888
chain6,3,55,23,1785763899514994688,1785763899515504736,1785763899516013888
chain6,3,56,38,1785763899514994688,1785763899515504736,1785763899516013920
chain6,3,57,39,1785763899514994688,1785763899515504736,1785763899516013920
chain6,3,58,54,1785763899514994688,1785763899515504736,1785763899516013920
chain6,3,59,55,1785763899514994720,1785763899515504736,1785763899516013920
chain6,3,60,70,1785763899514994656,1785763899515504736,1785763899516013888
chain6,3,61,71,1785763899514994656,1785763899515504736,1785763899516013888
chain6,3,62,84,1785763899514994688,1785763899515504736,1785763899516013888
chain6,3,63,85,1785763899514994688,1785763899515504736,1785763899516013888
chain6,3,64,98,1785763899514994720,1785763899515504736,1785763899516013888
chain6,3,65,99,1785763899514994720,1785763899515504736,1785763899516013888
chain6,3,66,112,1785763899514994656,1785763899515504736,1785763899516013888
chain6,3,67,113,1785763899514994656,1785763899515504736,1785763899516013888
chain6,3,68,126,1785763899514994688,1785763899515504736,1785763899516013888
chain6,3,69,127,1785763899514994688,1785763899515504736,1785763899516013888
chain6,3,70,8,1785763899514994592,1785763899515504704,1785763899516014144
chain6,3,71,9,1785763899514994624,1785763899515504704,1785763899516014144
chain6,3,72,24,1785763899514994592,1785763899515504704,1785763899516014144
chain6,3,73,25,1785763899514994624,1785763899515504704,1785763899516014144
chain6,3,74,40,1785763899514994592,1785763899515504704,1785763899516014144
chain6,3,75,41,1785763899514994624,1785763899515504704,1785763899516014144
chain6,3,76,56,1785763899514994624,1785763899515504704,1785763899516014144
chain6,3,77,57,1785763899514994624,1785763899515504704,1785763899516014144
chain6,3,78,72,1785763899514994592,1785763899515504704,1785763899516014144
chain6,3,79,73,1785763899514994592,1785763899515504704,1785763899516014144
chain6,3,80,86,1785763899514994592,1785763899515504704,1785763899516014144
chain6,3,81,87,1785763899514994624,1785763899515504704,1785763899516014144
chain6,3,82,100,1785763899514994624,1785763899515504704,1785763899516014144
chain6,3,83,101,1785763899514994624,1785763899515504704,1785763899516014144
chain6,3,84,114,1785763899514994592,1785763899515504704,1785763899516014144
chain6,3,85,115,1785763899514994624,1785763899515504704,1785763899516014144
chain6,3,86,128,1785763899514994592,1785763899515504704,1785763899516014144
chain6,3,87,129,1785763899514994624,1785763899515504704,1785763899516014144
chain6,3,88,10,1785763899514994656,1785763899515504736,1785763899516013888
chain6,3,89,11,1785763899514994656,1785763899515504736,1785763899516013888
chain6,3,90,26,1785763899514994688,1785763899515504736,1785763899516013888
chain6,3,91,27,1785763899514994688,1785763899515504736,1785763899516013888
chain6,3,92,42,1785763899514994688,1785763899515504736,1785763899516013888
chain6,3,93,43,1785763899514994720,1785763899515504736,1785763899516013888
chain6,3,94,58,1785763899514994720,1785763899515504736,1785763899516013888
chain6,3,95,59,1785763899514994688,1785763899515504736,1785763899516013920
chain6,3,96,74,1785763899514994656,1785763899515504736,1785763899516013888
chain6,3,97,75,1785763899514994688,1785763899515504736,1785763899516013888
chain6,3,98,88,1785763899514994688,1785763899515504736,1785763899516013888
chain6,3,99,89,1785763899514994688,1785763899515504736,1785763899516013888
chain6,3,100,102,1785763899514994720,1785763899515504736,1785763899516013888
chain6,3,101,103,1785763899514994656,1785763899515504736,1785763899516013920
chain6,3,102,116,1785763899514994720,1785763899515504736,1785763899516013888
chain6,3,103,117,1785763899514994720,1785763899515504736,1785763899516013888
chain6,3,104,130,1785763899514994656,1785763899515504736,1785763899516013888
chain6,3,105,131,1785763899514994688,1785763899515504736,1785763899516013888
chain6,3,106,136,1785763899514994688,1785763899515504736,1785763899516013888
chain6,3,107,137,1785763899514994688,1785763899515504736,1785763899516013888
chain6,3,108,12,1785763899514994592,1785763899515504704,1785763899516014080
chain6,3,109,13,1785763899514994624,1785763899515504704,1785763899516014080
chain6,3,110,28,1785763899514994592,1785763899515504704,1785763899516014080
chain6,3,111,29,1785763899514994624,1785763899515504704,1785763899516014080
chain6,3,112,44,1785763899514994592,1785763899515504704,1785763899516014080
chain6,3,113,45,1785763899514994624,1785763899515504704,1785763899516014080
chain6,3,114,60,1785763899514994624,1785763899515504704,1785763899516014080
chain6,3,115,61,1785763899514994624,1785763899515504704,1785763899516014080
chain6,3,116,76,1785763899514994592,1785763899515504704,1785763899516014080
chain6,3,117,77,1785763899514994624,1785763899515504704,1785763899516014080
chain6,3,118,90,1785763899514994592,1785763899515504704,1785763899516014080
chain6,3,119,91,1785763899514994624,1785763899515504704,1785763899516014080
chain6,3,120,104,1785763899514994624,1785763899515504704,1785763899516014112
chain6,3,121,105,1785763899514994624,1785763899515504704,1785763899516014080
chain6,3,122,118,1785763899514994624,1785763899515504704,1785763899516014080
chain6,3,123,119,1785763899514994624,1785763899515504704,1785763899516014080
chain6,3,124,132,1785763899514994592,1785763899515504704,1785763899516014080
chain6,3,125,133,1785763899514994592,1785763899515504704,1785763899516014080
chain6,3,126,138,1785763899514994592,1785763899515504704,1785763899516014080
chain6,3,127,139,1785763899514994624,1785763899515504704,1785763899516014080
chain6,3,128,14,1785763899514994592,1785763899515504704,1785763899516014080
chain6,3,129,15,1785763899514994624,1785763899515504704,1785763899516014080
chain6,3,130,30,1785763899514994592,1785763899515504704,1785763899516014080
chain6,3,131,31,1785763899514994624,1785763899515504704,1785763899516014080
chain6,3,132,46,1785763899514994592,1785763899515504704,1785763899516014080
chain6,3,133,47,1785763899514994624,1785763899515504704,1785763899516014080
chain6,3,134,62,1785763899514994592,1785763899515504704,1785763899516014080
chain6,3,135,63,1785763899514994624,1785763899515504704,1785763899516014080
chain6,3,136,78,1785763899514994592,1785763899515504704,1785763899516014080
chain6,3,137,79,1785763899514994624,1785763899515504704,1785763899516014080
chain6,3,138,92,1785763899514994592,1785763899515504704,1785763899516014080
chain6,3,139,93,1785763899514994624,1785763899515504704,1785763899516014080
chain6,3,140,106,1785763899514994624,1785763899515504704,1785763899516014080
chain6,3,141,107,1785763899514994624,1785763899515504704,1785763899516014080
chain6,3,142,120,1785763899514994592,1785763899515504704,1785763899516014080
chain6,3,143,121,1785763899514994624,1785763899515504704,1785763899516014080
chain6,3,144,134,1785763899514994592,1785763899515504704,1785763899516014080
chain6,3,145,135,1785763899514994592,1785763899515504704,1785763899516014080
chain6,3,146,140,1785763899514994592,1785763899515504704,1785763899516014080
chain6,3,147,141,1785763899514994624,1785763899515504704,1785763899516014080
chain6,4,0,142,1785763899515505504,1785763899516015264,1785763899516525120
chain6,4,1,143,1785763899515505536,1785763899516015264,1785763899516525120
chain6,4,2,144,1785763899515505504,1785763899516015264,1785763899516525120
chain6,4,3,145,1785763899515505536,1785763899516015264,1785763899516525120
chain6,4,4,146,1785763899515505504,1785763899516015264,1785763899516525120
chain6,4,5,147,1785763899515505504,1785763899516015264,1785763899516525120
chain6,4,6,0,1785763899515505472,1785763899516015264,1785763899516525120
chain6,4,7,1,1785763899515505504,1785763899516015264,1785763899516525120
chain6,4,8,16,1785763899515505504,1785763899516015264,1785763899516525120
chain6,4,9,17,1785763899515505504,1785763899516015264,1785763899516525120
chain6,4,10,32,1785763899515505504,1785763899516015264,1785763899516525120
chain6,4,11,33,1785763899515505504,1785763899516015264,1785763899516525120
chain6,4,12,48,1785763899515505504,1785763899516015264,1785763899516525120
chain6,4,13,49,1785763899515505536,1785763899516015264,1785763899516525120
chain6,4,14,64,1785763899515505504,1785763899516015264,1785763899516525120
chain6,4,15,65,1785763899515505536,1785763899516015264,1785763899516525120
chain6,4,16,2,1785763899515505568,1785763899516015264,1785763899516524448
chain6,4,17,3,1785763899515505568,1785763899516015264,1785763899516524448
chain6,4,18,18,1785763899515505600,1785763899516015264,1785763899516524448
chain6,4,19,19,1785763899515505600,1785763899516015264,1785763899516524448
chain6,4,20,34,1785763899515505600,1785763899516015264,1785763899516524448
chain6,4,21,35,1785763899515505600,1785763899516015264,1785763899516524448
chain6,4,22,50,1785763899515505600,1785763899516015264,1785763899516524480
chain6,4,23,51,1785763899515505600,1785763899516015264,1785763899516524480
chain6,4,24,66,1785763899515505568,1785763899516015264,1785763899516524448
chain6,4,25,67,1785763899515505568,1785763899516015264,1785763899516524448
chain6,4,26,80,1785763899515505600,1785763899516015264,1785763899516524480
chain6,4,27,81,1785763899515505600,1785763899516015264,1785763899516524480
chain6,4,28,94,1785763899515505600,1785763899516015264,1785763899516524480
chain6,4,29,95,1785763899515505600,1785763899516015264,1785763899516524448
chain6,4,30,108,1785763899515505568,1785763899516015264,1785763899516524448
chain6,4,31,109,1785763899515505568,1785763899516015264,1785763899516524448
chain6,4,32,122,1785763899515505600,1785763899516015264,1785763899516524448
chain6,4,33,123,1785763899515505600,1785763899516015264,1785763899516524448
chain6,4,34,4,1785763899515505568,1785763899516015264,1785763899516524448
chain6,4,35,5,1785763899515505568,1785763899516015264,1785763899516524448
chain6,4,36,20,1785763899515505568,1785763899516015264,1785763899516524448
chain6,4,37,21,1785763899515505600,1785763899516015264,1785763899516524480
chain6,4,38,36,1785763899515505600,1785763899516015264,1785763899516524448
chain6,4,39,37,1785763899515505600,1785763899516015264,1785763899516524448
chain6,4,40,52,1785763899515505600,1785763899516015264,1785763899516524480
chain6,4,41,53,1785763899515505600,1785763899516015264,1785763899516524480
chain6,4,42,68,1785763899515505568,1785763899516015264,1785763899516524448
chain6,4,43,69,1785763899515505568,1785763899516015264,1785763899516524448
chain6,4,44,82,1785763899515505600,1785763899516015264,1785763899516524480
chain6,4,45,83,1785763899515505600,1785763899516015264,1785763899516524480
chain6,4,46,96,1785763899515505600,1785763899516015264,1785763899516524480
chain6,4,47,97,1785763899515505600,1785763899516015264,1785763899516524480
chain6,4,48,110,1785763899515505600,1785763899516015264,1785763899516524480
chain6,4,49,111,1785763899515505600,1785763899516015264,1785763899516524480
chain6,4,50,124,1785763899515505600,1785763899516015264,1785763899516524448
chain6,4,51,125,1785763899515505600,1785763899516015264,1785763899516524480
chain6,4,52,6,1785763899515505536,1785763899516015264,1785763899516524448
chain6,4,53,7,1785763899515505568,1785763899516015264,1785763899516524448
chain6,4,54,22,1785763899515505600,1785763899516015264,1785763899516524416
chain6,4,55,23,1785763899515505600,1785763899516015264,1785763899516524416
chain6,4,56,38,1785763899515505600,1785763899516015264,1785763899516524448
chain6,4,57,39,1785763899515505568,1785763899516015264,1785763899516524448
chain6,4,58,54,1785763899515505600,1785763899516015264,1785763899516524448
chain6,4,59,55,1785763899515505600,1785763899516015264,1785763899516524448
chain6,4,60,70,1785763899515505568,1785763899516015264,1785763899516524416
chain6,4,61,71,1785763899515505568,1785763899516015264,1785763899516524448
chain6,4,62,84,1785763899515505600,1785763899516015264,1785763899516524448
chain6,4,63,85,1785763899515505568,1785763899516015264,1785763899516524448
chain6,4,64,98,1785763899515505600,1785763899516015264,1785763899516524448
chain6,4,65,99,1785763899515505568,1785763899516015264,1785763899516524448
chain6,4,66,112,1785763899515505568,1785763899516015264,1785763899516524416
chain6,4,67,113,1785763899515505568,1785763899516015264,1785763899516524416
chain6,4,68,126,1785763899515505600,1785763899516015264,1785763899516524416
chain6,4,69,127,1785763899515505600,1785763899516015264,1785763899516524416
chain6,4,70,8,1785763899515505504,1785763899516015264,1785763899516524768
chain6,4,71,9,1785763899515505504,1785763899516015264,1785763899516524768
chain6,4,72,24,1785763899515505504,1785763899516015264,1785763899516524768
chain6,4,73,25,1785763899515505536,1785763899516015264,1785763899516524768
chain6,4,74,40,1785763899515505504,1785763899516015264,1785763899516524768
chain6,4,75,41,1785763899515505504,1785763899516015264,1785763899516524768
chain6,4,76,56,1785763899515505504,1785763899516015264,1785763899516524768
chain6,4,77,57,1785763899515505536,1785763899516015264,1785763899516524768
chain6,4,78,72,1785763899515505504,1785763899516015264,1785763899516524768
chain6,4,79,73,1785763899515505504,1785763899516015264,1785763899516524768
chain6,4,80,86,1785763899515505504,1785763899516015264,1785763899516524768
chain6,4,81,87,1785763899515505536,1785763899516015264,1785763899516524768
chain6,4,82,100,1785763899515505504,1785763899516015264,1785763899516524768
chain6,4,83,101,1785763899515505536,1785763899516015264,1785763899516524800
chain6,4,84,114,1785763899515505504,1785763899516015264,1785763899516524768
chain6,4,85,115,1785763899515505536,1785763899516015264,1785763899516524800
chain6,4,86,128,1785763899515505504,1785763899516015264,1785763899516524768
chain6,4,87,129,1785763899515505536,1785763899516015264,1785763899516524800
chain6,4,88,10,1785763899515505536,1785763899516015264,1785763899516524448
chain6,4,89,11,1785763899515505568,1785763899516015264,1785763899516524448
chain6,4,90,26,1785763899515505600,1785763899516015264,1785763899516524448
chain6,4,91,27,1785763899515505568,1785763899516015264,1785763899516524448
chain6,4,92,42,1785763899515505600,1785763899516015264,1785763899516524448
chain6,4,93,43,1785763899515505600,1785763899516015264,1785763899516524416
chain6,4,94,58,1785763899515505600,1785763899516015264,1785763899516524448
chain6,4,95,59,1785763899515505600,1785763899516015264,1785763899516524448
chain6,4,96,74,1785763899515505568,1785763899516015264,1785763899516524416
chain6,4,97,75,1785763899515505568,1785763899516015264,1785763899516524448
chain6,4,98,88,1785763899515505600,1785763899516015264,1785763899516524448
chain6,4,99,89,1785763899515505568,1785763899516015264,1785763899516524448
chain6,4,100,102,1785763899515505600,1785763899516015264,1785763899516524448
chain6,4,101,103,1785763899515505600,1785763899516015264,1785763899516524448
chain6,4,102,116,1785763899515505632,1785763899516015264,1785763899516524448
chain6,4,103,117,1785763899515505600,1785763899516015264,1785763899516524448
chain6,4,104,130,1785763899515505568,1785763899516015264,1785763899516524416
chain6,4,105,131,1785763899515505568,1785763899516015264,1785763899516524416
chain6,4,106,136,1785763899515505600,1785763899516015264,1785763899516524416
chain6,4,107,137,1785763899515505600,1785763899516015264,1785763899516524448
chain6,4,108,12,1785763899515505504,1785763899516015264,1785763899516524608
chain6,4,109,13,1785763899515505536,1785763899516015264,1785763899516524640
chain6,4,110,28,1785763899515505504,1785763899516015264,1785763899516524608
chain6,4,111,29,1785763899515505536,1785763899516015264,1785763899516524608
chain6,4,112,44,1785763899515505504,1785763899516015264,1785763899516524608
chain6,4,113,45,1785763899515505536,1785763899516015264,1785763899516524608
chain6,4,114,60,1785763899515505504,1785763899516015264,1785763899516524640
chain6,4,115,61,1785763899515505536,1785763899516015264,1785763899516524640
chain6,4,116,76,1785763899515505504,1785763899516015264,1785763899516524608
chain6,4,117,77,1785763899515505536,1785763899516015264,1785763899516524640
chain6,4,118,90,1785763899515505504,1785763899516015264,1785763899516524640
chain6,4,119,91,1785763899515505536,1785763899516015264,1785763899516524640
chain6,4,120,104,1785763899515505536,1785763899516015264,1785763899516524640
chain6,4,121,105,1785763899515505536,1785763899516015264,1785763899516524640
chain6,4,122,118,1785763899515505504,1785763899516015264,1785763899516524640
chain6,4,123,119,1785763899515505536,1785763899516015264,1785763899516524640
chain6,4,124,132,1785763899515505504,1785763899516015264,1785763899516524608
chain6,4,125,133,1785763899515505504,1785763899516015264,1785763899516524608
chain6,4,126,138,1785763899515505504,1785763899516015264,1785763899516524640
chain6,4,127,139,1785763899515505536,1785763899516015264,1785763899516524608
chain6,4,128,14,1785763899515505504,1785763899516015264,1785763899516524608
chain6,4,129,15,1785763899515505536,1785763899516015264,1785763899516524640
chain6,4,130,30,1785763899515505504,1785763899516015264,1785763899516524640
chain6,4,131,31,1785763899515505536,1785763899516015264,1785763899516524640
chain6,4,132,46,1785763899515505504,1785763899516015264,1785763899516524640
chain6,4,133,47,1785763899515505536,1785763899516015264,1785763899516524640
chain6,4,134,62,1785763899515505504,1785763899516015264,1785763899516524640
chain6,4,135,63,1785763899515505536,1785763899516015264,1785763899516524640
chain6,4,136,78,1785763899515505504,1785763899516015264,1785763899516524608
chain6,4,137,79,1785763899515505536,1785763899516015264,1785763899516524608
chain6,4,138,92,1785763899515505504,1785763899516015264,1785763899516524640
chain6,4,139,93,1785763899515505536,1785763899516015264,1785763899516524640
chain6,4,140,106,1785763899515505536,1785763899516015264,1785763899516524640
chain6,4,141,107,1785763899515505568,1785763899516015264,1785763899516524640
chain6,4,142,120,1785763899515505504,1785763899516015264,1785763899516524640
chain6,4,143,121,1785763899515505536,1785763899516015264,1785763899516524640
chain6,4,144,134,1785763899515505504,1785763899516015264,1785763899516524608
chain6,4,145,135,1785763899515505504,1785763899516015264,1785763899516524608
chain6,4,146,140,1785763899515505504,1785763899516015264,1785763899516524608
chain6,4,147,141,1785763899515505536,1785763899516015264,1785763899516524640
chain6,5,0,142,1785763899516016064,1785763899516526080,1785763899517035776
chain6,5,1,143,1785763899516016096,1785763899516526080,1785763899517035776
chain6,5,2,144,1785763899516016032,1785763899516526080,1785763899517035776
chain6,5,3,145,1785763899516016064,1785763899516526080,1785763899517035776
chain6,5,4,146,1785763899516016032,1785763899516526080,1785763899517035776
chain6,5,5,147,1785763899516016064,1785763899516526080,1785763899517035776
chain6,5,6,0,1785763899516016032,1785763899516526048,1785763899517035776
chain6,5,7,1,1785763899516016032,1785763899516526048,1785763899517035776
chain6,5,8,16,1785763899516016064,1785763899516526048,1785763899517035776
chain6,5,9,17,1785763899516016064,1785763899516526048,1785763899517035776
chain6,5,10,32,1785763899516016032,1785763899516526080,1785763899517035776
chain6,5,11,33,1785763899516016064,1785763899516526080,1785763899517035776
chain6,5,12,48,1785763899516016064,1785763899516526080,1785763899517035776
chain6,5,13,49,1785763899516016096,1785763899516526080,1785763899517035776
chain6,5,14,64,1785763899516016064,1785763899516526080,1785763899517035776
chain6,5,15,65,1785763899516016064,1785763899516526080,1785763899517035776
chain6,5,16,2,1785763899516016096,1785763899516526080,1785763899517035264
chain6,5,17,3,1785763899516016128,1785763899516526080,1785763899517035264
chain6,5,18,18,1785763899516016128,1785763899516526080,1785763899517035264
chain6,5,19,19,1785763899516016128,1785763899516526080,1785763899517035264
chain6,5,20,34,1785763899516016160,1785763899516526080,1785763899517035264
chain6,5,21,35,1785763899516016160,1785763899516526080,1785763899517035264
chain6,5,22,50,1785763899516016160,1785763899516526080,1785763899517035296
chain6,5,23,51,1785763899516016128,1785763899516526080,1785763899517035296
chain6,5,24,66,1785763899516016128,1785763899516526080,1785763899517035264
chain6,5,25,67,1785763899516016128,1785763899516526080,1785763899517035264
chain6,5,26,80,1785763899516016128,1785763899516526080,1785763899517035296
chain6,5,27,81,1785763899516016128,1785763899516526080,1785763899517035296
chain6,5,28,94,1785763899516016160,1785763899516526080,1785763899517035296
chain6,5,29,95,1785763899516016160,1785763899516526080,1785763899517035296
chain6,5,30,108,1785763899516016128,1785763899516526080,1785763899517035264
chain6,5,31,109,1785763899516016128,1785763899516526080,1785763899517035264
chain6,5,32,122,1785763899516016128,1785763899516526080,1785763899517035264
chain6,5,33,123,1785763899516016128,1785763899516526080,1785763899517035296
chain6,5,34,4,1785763899516016096,1785763899516526080,1785763899517035296
chain6,5,35,5,1785763899516016128,1785763899516526080,1785763899517035296
chain6,5,36,20,1785763899516016128,1785763899516526080,1785763899517035296
chain6,5,37,21,1785763899516016128,1785763899516526080,1785763899517035296
chain6,5,38,36,1785763899516016160,1785763899516526080,1785763899517035296
chain6,5,39,37,1785763899516016160,1785763899516526080,1785763899517035296
chain6,5,40,52,1785763899516016160,1785763899516526080,1785763899517035296
chain6,5,41,53,1785763899516016128,1785763899516526080,1785763899517035328
chain6,5,42,68,1785763899516016128,1785763899516526080,1785763899517035264
chain6,5,43,69,1785763899516016128,1785763899516526080,1785763899517035264
chain6,5,44,82,1785763899516016128,1785763899516526080,1785763899517035328
chain6,5,45,83,1785763899516016128,1785763899516526080,1785763899517035296
chain6,5,46,96,1785763899516016160,1785763899516526080,1785763899517035328
chain6,5,47,97,1785763899516016128,1785763899516526080,1785763899517035328
chain6,5,48,110,1785763899516016160,1785763899516526080,1785763899517035296
chain6,5,49,111,1785763899516016160,1785763899516526080,1785763899517035296
chain6,5,50,124,1785763899516016128,1785763899516526080,1785763899517035296
chain6,5,51,125,1785763899516016128,1785763899516526080,1785763899517035296
chain6,5,52,6,1785763899516016128,1785763899516526080,1785763899517035264
chain6,5,53,7,1785763899516016128,1785763899516526080,1785763899517035264
chain6,5,54,22,1785763899516016128,1785763899516526080,1785763899517035264
chain6,5,55,23,1785763899516016128,1785763899516526080,1785763899517035264
chain6,5,56,38,1785763899516016160,1785763899516526080,1785763899517035296
chain6,5,57,39,1785763899516016160,1785763899516526080,1785763899517035296
chain6,5,58,54,1785763899516016160,1785763899516526080,1785763899517035264
chain6,5,59,55,1785763899516016160,1785763899516526080,1785763899517035264
chain6,5,60,70,1785763899516016128,1785763899516526080,1785763899517035264
chain6,5,61,71,1785763899516016128,1785763899516526080,1785763899517035264
chain6,5,62,84,1785763899516016128,1785763899516526080,1785763899517035264
chain6,5,63,85,1785763899516016160,1785763899516526080,1785763899517035264
chain6,5,64,98,1785763899516016160,1785763899516526080,1785763899517035264
chain6,5,65,99,1785763899516016160,1785763899516526080,1785763899517035264
chain6,5,66,112,1785763899516016128,1785763899516526080,1785763899517035264
chain6,5,67,113,1785763899516016128,1785763899516526080,1785763899517035264
chain6,5,68,126,1785763899516016160,1785763899516526080,1785763899517035264
chain6,5,69,127,1785763899516016160,1785763899516526080,1785763899517035264
chain6,5,70,8,1785763899516016032,1785763899516526080,1785763899517035680
chain6,5,71,9,1785763899516016064,1785763899516526080,1785763899517035680
chain6,5,72,24,1785763899516016032,1785763899516526080,1785763899517035712
chain6,5,73,25,1785763899516016064,1785763899516526080,1785763899517035712
chain6,5,74,40,1785763899516016032,1785763899516526080,1785763899517035680
chain6,5,75,41,1785763899516016064,1785763899516526080,1785763899517035712
chain6,5,76,56,1785763899516016064,1785763899516526080,1785763899517035712
chain6,5,77,57,1785763899516016096,1785763899516526080,1785763899517035712
chain6,5,78,72,1785763899516016032,1785763899516526080,1785763899517035712
chain6,5,79,73,1785763899516016032,1785763899516526080,1785763899517035712
chain6,5,80,86,1785763899516016064,1785763899516526080,1785763899517035712
chain6,5,81,87,1785763899516016096,1785763899516526080,1785763899517035712
chain6,5,82,100,1785763899516016064,1785763899516526080,1785763899517035712
chain6,5,83,101,1785763899516016096,1785763899516526080,1785763899517035712
chain6,5,84,114,1785763899516016064,1785763899516526080,1785763899517035712
chain6,5,85,115,1785763899516016096,1785763899516526080,1785763899517035712
chain6,5,86,128,1785763899516016064,1785763899516526080,1785763899517035712
chain6,5,87,129,1785763899516016096,1785763899516526080,1785763899517035712
chain6,5,88,10,1785763899516016128,1785763899516526080,1785763899517035264
chain6,5,89,11,1785763899516016128,1785763899516526080,1785763899517035264
chain6,5,90,26,1785763899516016128,1785763899516526080,1785763899517035264
chain6,5,91,27,1785763899516016160,1785763899516526080,1785763899517035264
chain6,5,92,42,1785763899516016160,1785763899516526080,1785763899517035264
chain6,5,93,43,1785763899516016160,1785763899516526080,1785763899517035264
chain6,5,94,58,1785763899516016160,1785763899516526080,1785763899517035264
chain6,5,95,59,1785763899516016160,1785763899516526080,1785763899517035264
chain6,5,96,74,1785763899516016128,1785763899516526080,1785763899517035264
chain6,5,97,75,1785763899516016128,1785763899516526080,1785763899517035264
chain6,5,98,88,1785763899516016160,1785763899516526080,1785763899517035264
chain6,5,99,89,1785763899516016128,1785763899516526080,1785763899517035264
chain6,5,100,102,1785763899516016160,1785763899516526080,1785763899517035264
chain6,5,101,103,1785763899516016128,1785763899516526080,1785763899517035296
chain6,5,102,116,1785763899516016160,1785763899516526080,1785763899517035264
chain6,5,103,117,1785763899516016160,1785763899516526080,1785763899517035264
chain6,5,104,130,1785763899516016128,1785763899516526080,1785763899517035264
chain6,5,105,131,1785763899516016128,1785763899516526080,1785763899517035264
chain6,5,106,136,1785763899516016160,1785763899516526080,1785763899517035264
chain6,5,107,137,1785763899516016160,1785763899516526080,1785763899517035264
chain6,5,108,12,1785763899516016064,1785763899516526080,1785763899517035488
chain6,5,109,13,1785763899516016096,1785763899516526080,1785763899517035488
chain6,5,110,28,1785763899516016032,1785763899516526080,1785763899517035488
chain6,5,111,29,1785763899516016064,1785763899516526080,1785763899517035488
chain6,5,112,44,1785763899516016064,1785763899516526080,1785763899517035456
chain6,5,113,45,1785763899516016096,1785763899516526080,1785763899517035456
chain6,5,114,60,1785763899516016064,1785763899516526080,1785763899517035488
chain6,5,115,61,1785763899516016096,1785763899516526080,1785763899517035488
chain6,5,116,76,1785763899516016032,1785763899516526080,1785763899517035456
chain6,5,117,77,1785763899516016064,1785763899516526080,1785763899517035456
chain6,5,118,90,1785763899516016064,1785763899516526080,1785763899517035488
chain6,5,119,91,1785763899516016096,1785763899516526080,1785763899517035488
chain6,5,120,104,1785763899516016064,1785763899516526080,1785763899517035488
chain6,5,121,105,1785763899516016096,1785763899516526080,1785763899517035488
chain6,5,122,118,1785763899516016064,1785763899516526080,1785763899517035488
chain6,5,123,119,1785763899516016096,1785763899516526080,1785763899517035488
chain6,5,124,132,1785763899516016032,1785763899516526080,1785763899517035456
chain6,5,125,133,1785763899516016064,1785763899516526080,1785763899517035456
chain6,5,126,138,1785763899516016064,1785763899516526080,1785763899517035488
chain6,5,127,139,1785763899516016096,1785763899516526080,1785763899517035488
chain6,5,128,14,1785763899516016064,1785763899516526080,1785763899517035456
chain6,5,129,15,1785763899516016096,1785763899516526080,1785763899517035456
chain6,5,130,30,1785763899516016032,1785763899516526048,1785763899517035456
chain6,5,131,31,1785763899516016096,1785763899516526048,1785763899517035456
chain6,5,132,46,1785763899516016064,1785763899516526080,1785763899517035456
chain6,5,133,47,1785763899516016096,1785763899516526080,1785763899517035456
chain6,5,134,62,1785763899516016064,1785763899516526080,1785763899517035456
chain6,5,135,63,1785763899516016096,1785763899516526080,1785763899517035456
chain6,5,136,78,1785763899516016032,1785763899516526048,1785763899517035456
chain6,5,137,79,1785763899516016064,1785763899516526048,1785763899517035456
chain6,5,138,92,1785763899516016064,1785763899516526080,1785763899517035456
chain6,5,139,93,1785763899516016096,1785763899516526080,1785763899517035456
chain6,5,140,106,1785763899516016096,1785763899516526080,1785763899517035488
chain6,5,141,107,1785763899516016096,1785763899516526080,1785763899517035456
chain6,5,142,120,1785763899516016064,1785763899516526080,1785763899517035456
chain6,5,143,121,1785763899516016096,1785763899516526080,1785763899517035456
chain6,5,144,134,1785763899516016032,1785763899516526048,1785763899517035456
chain6,5,145,135,1785763899516016064,1785763899516526048,1785763899517035456
chain6,5,146,140,1785763899516016064,1785763899516526080,1785763899517035456
chain6,5,147,141,1785763899516016096,1785763899516526080,1785763899517035456
